subject;nodes;degree;betweenness;closeness;pagerank;count_quality
Subject00;Fp1;0.05555555555555555;0.0;0.23376623376623376;0.03681207864831777;B
Subject00;Fp2;0.16666666666666666;0.21568627450980393;0.3;0.08714621298531666;B
Subject00;F3;0.1111111111111111;0.11111111111111112;0.2903225806451613;0.06145779115292131;B
Subject00;F4;0.2222222222222222;0.542483660130719;0.3829787234042553;0.08175195652036468;B
Subject00;F7;0.05555555555555555;0.0;0.22784810126582278;0.03711221820090411;B
Subject00;F8;0.05555555555555555;0.0;0.23376623376623376;0.033247611609060285;B
Subject00;T3;0.05555555555555555;0.0;0.24324324324324326;0.03594544792139263;B
Subject00;T4;0.05555555555555555;0.0;0.3050847457627119;0.0334327024887231;B
Subject00;C3;0.1111111111111111;0.11111111111111112;0.3157894736842105;0.058317502977220104;B
Subject00;C4;0.2777777777777778;0.7189542483660131;0.42857142857142855;0.1287834423929395;B
Subject00;T5;0.05555555555555555;0.0;0.21428571428571427;0.035723104983960814;B
Subject00;T6;0.05555555555555555;0.0;0.28125;0.030474951510731794;B
Subject00;P3;0.16666666666666666;0.30718954248366015;0.26865671641791045;0.08245070989022424;B
Subject00;P4;0.16666666666666666;0.5032679738562091;0.3829787234042553;0.0783694148443422;B
Subject00;O1;0.1111111111111111;0.11111111111111112;0.21951219512195122;0.06053904464555994;B
Subject00;O2;0.05555555555555555;0.0;0.18181818181818182;0.03303677646701618;B
Subject00;Fz;0.05555555555555555;0.0;0.28125;0.014051188448401749;B
Subject00;Cz;0.05555555555555555;0.0;0.3050847457627119;0.02760647450894933;B
Subject00;Pz;0.1111111111111111;0.36601307189542487;0.32142857142857145;0.04374136980365355;B
Subject01;Fp1;0.1111111111111111;0.11111111111111112;0.22784810126582278;0.050347365753728945;G
Subject01;Fp2;0.1111111111111111;0.11111111111111112;0.2857142857142857;0.05580282414405238;G
Subject01;F3;0.16666666666666666;0.39215686274509803;0.28125;0.0801027324129144;G
Subject01;F4;0.16666666666666666;0.6013071895424836;0.375;0.07227963277946309;G
Subject01;F7;0.05555555555555555;0.0;0.1875;0.024279582870005322;G
Subject01;F8;0.05555555555555555;0.0;0.225;0.03411868746848981;G
Subject01;T3;0.1111111111111111;0.11111111111111112;0.24;0.05841844897722688;G
Subject01;T4;0.05555555555555555;0.0;0.1956521739130435;0.02537499951258787;G
Subject01;C3;0.1111111111111111;0.20915032679738563;0.3;0.048950560925139164;G
Subject01;C4;0.1111111111111111;0.20915032679738563;0.3;0.06301624593095798;G
Subject01;T5;0.05555555555555555;0.0;0.1956521739130435;0.032547420981132974;G
Subject01;T6;0.1111111111111111;0.11111111111111112;0.24;0.05811970858097161;G
Subject01;P3;0.1111111111111111;0.20915032679738563;0.3;0.05346805815098518;G
Subject01;P4;0.05555555555555555;0.0;0.1956521739130435;0.031198757495329944;G
Subject01;O1;0.1111111111111111;0.11111111111111112;0.22784810126582278;0.0691829201212498;G
Subject01;O2;0.05555555555555555;0.0;0.1875;0.04106868371067786;G
Subject01;Fz;0.1111111111111111;0.42483660130718953;0.32727272727272727;0.048482378270598675;G
Subject01;Cz;0.2222222222222222;0.7058823529411765;0.3829787234042553;0.09781826474856123;G
Subject01;Pz;0.1111111111111111;0.11111111111111112;0.24;0.05542272716592664;G
Subject02;Fp1;0.05555555555555555;0.0;0.1782178217821782;0.03695962732762362;G
Subject02;Fp2;0.05555555555555555;0.0;0.24324324324324326;0.03540101114186006;G
Subject02;F3;0.1111111111111111;0.11111111111111112;0.2535211267605634;0.05253886060720554;G
Subject02;F4;0.16666666666666666;0.21568627450980393;0.3157894736842105;0.08820611794108967;G
Subject02;F7;0.1111111111111111;0.11111111111111112;0.21428571428571427;0.0701308517571879;G
Subject02;F8;0.05555555555555555;0.0;0.24324324324324326;0.03431978722922214;G
Subject02;T3;0.1111111111111111;0.20915032679738563;0.2608695652173913;0.06377832563356925;G
Subject02;T4;0.1111111111111111;0.11111111111111112;0.3050847457627119;0.06125315874710889;G
Subject02;C3;0.16666666666666666;0.46405228758169936;0.32142857142857145;0.0703550462651579;G
Subject02;C4;0.2222222222222222;0.738562091503268;0.4090909090909091;0.08765087466550736;G
Subject02;T5;0.05555555555555555;0.0;0.2222222222222222;0.03495954821555258;G
Subject02;T6;0.05555555555555555;0.0;0.23684210526315788;0.03285495590798891;G
Subject02;P3;0.16666666666666666;0.21568627450980393;0.28125;0.08134787884517236;G
Subject02;P4;0.1111111111111111;0.11111111111111112;0.2727272727272727;0.055143298361069085;G
Subject02;O1;0.05555555555555555;0.0;0.2222222222222222;0.03375893116148307;G
Subject02;O2;0.05555555555555555;0.0;0.21686746987951808;0.0355753826852948;G
Subject02;Fz;0.05555555555555555;0.0;0.20454545454545456;0.030658849671712174;G
Subject02;Cz;0.1111111111111111;0.47058823529411764;0.3673469387755102;0.034018677010134585;G
Subject02;Pz;0.16666666666666666;0.46405228758169936;0.35294117647058826;0.06108881682605993;G
Subject03;Fp1;0.05555555555555555;0.0;0.2222222222222222;0.03861119117095472;G
Subject03;Fp2;0.16666666666666666;0.21568627450980393;0.28125;0.0977115364947539;G
Subject03;F3;0.16666666666666666;0.21568627450980393;0.28125;0.07710080211974928;G
Subject03;F4;0.05555555555555555;0.0;0.2647058823529412;0.023251633345382938;G
Subject03;F7;0.05555555555555555;0.0;0.2222222222222222;0.036537195515576444;G
Subject03;F8;0.05555555555555555;0.0;0.2222222222222222;0.03407149908344806;G
Subject03;T3;0.05555555555555555;0.0;0.28125;0.03888624423835718;G
Subject03;T4;0.1111111111111111;0.11111111111111112;0.2903225806451613;0.0584652670042521;G
Subject03;C3;0.05555555555555555;0.0;0.2222222222222222;0.03164419502952209;G
Subject03;C4;0.2222222222222222;0.6601307189542484;0.3829787234042553;0.09691230272180615;G
Subject03;T5;0.05555555555555555;0.0;0.18181818181818182;0.03505901789104465;G
Subject03;T6;0.05555555555555555;0.0;0.22784810126582278;0.036974871668645576;G
Subject03;P3;0.1111111111111111;0.11111111111111112;0.21951219512195122;0.06013778343556207;G
Subject03;P4;0.16666666666666666;0.46405228758169936;0.3333333333333333;0.07158327192082066;G
Subject03;O1;0.1111111111111111;0.20915032679738563;0.26865671641791045;0.05356002738441909;G
Subject03;O2;0.1111111111111111;0.11111111111111112;0.2608695652173913;0.0536930657379386;G
Subject03;Fz;0.2222222222222222;0.6013071895424836;0.35294117647058826;0.0850740799517665;G
Subject03;Cz;0.1111111111111111;0.5228758169934641;0.375;0.03913258989025974;G
Subject03;Pz;0.05555555555555555;0.0;0.20930232558139536;0.03159342539573992;G
Subject04;Fp1;0.05555555555555555;0.0;0.21428571428571427;0.02988196236687638;B
Subject04;Fp2;0.05555555555555555;0.0;0.18556701030927836;0.02447943047038474;B
Subject04;F3;0.16666666666666666;0.21568627450980393;0.26865671641791045;0.08444138014271801;B
Subject04;F4;0.16666666666666666;0.30718954248366015;0.27692307692307694;0.08747564162424216;B
Subject04;F7;0.05555555555555555;0.0;0.21428571428571427;0.040991531158831876;B
Subject04;F8;0.1111111111111111;0.11111111111111112;0.225;0.06359810519203536;B
Subject04;T3;0.05555555555555555;0.0;0.21686746987951808;0.0370359113373214;B
Subject04;T4;0.05555555555555555;0.0;0.21951219512195122;0.03191832785290226;B
Subject04;C3;0.1111111111111111;0.11111111111111112;0.2727272727272727;0.062021775481554645;B
Subject04;C4;0.1111111111111111;0.5032679738562091;0.3333333333333333;0.040421833389682194;B
Subject04;T5;0.05555555555555555;0.0;0.1836734693877551;0.04424205731566129;B
Subject04;T6;0.05555555555555555;0.0;0.23684210526315788;0.038239451453335405;B
Subject04;P3;0.05555555555555555;0.0;0.21176470588235294;0.033988417029310665;B
Subject04;P4;0.16666666666666666;0.5032679738562091;0.3050847457627119;0.08039677991391639;B
Subject04;O1;0.16666666666666666;0.21568627450980393;0.2222222222222222;0.08035065491978345;B
Subject04;O2;0.05555555555555555;0.0;0.1836734693877551;0.026695916523920053;B
Subject04;Fz;0.16666666666666666;0.5816993464052288;0.3333333333333333;0.05937308944376518;B
Subject04;Cz;0.16666666666666666;0.6274509803921569;0.35294117647058826;0.0654264223246393;B
Subject04;Pz;0.16666666666666666;0.38562091503267976;0.2647058823529412;0.06902131205911889;B
Subject05;Fp1;0.05555555555555555;0.0;0.17647058823529413;0.03827966162246712;G
Subject05;Fp2;0.05555555555555555;0.0;0.23076923076923078;0.03311788992383159;G
Subject05;F3;0.1111111111111111;0.47058823529411764;0.3333333333333333;0.0420338713334326;G
Subject05;F4;0.1111111111111111;0.29411764705882354;0.25;0.045512912191205346;G
Subject05;F7;0.05555555555555555;0.0;0.17647058823529413;0.034439997046059385;G
Subject05;F8;0.16666666666666666;0.21568627450980393;0.21176470588235294;0.09227467597690096;G
Subject05;T3;0.05555555555555555;0.0;0.2727272727272727;0.030098545241658833;G
Subject05;T4;0.05555555555555555;0.0;0.19148936170212766;0.036409284611911355;G
Subject05;C3;0.2222222222222222;0.7058823529411765;0.3673469387755102;0.0974318931820587;G
Subject05;C4;0.1111111111111111;0.11111111111111112;0.23376623376623376;0.05768495484854724;G
Subject05;T5;0.05555555555555555;0.0;0.2535211267605634;0.038326388210374415;G
Subject05;T6;0.05555555555555555;0.0;0.16363636363636364;0.03810486740585531;G
Subject05;P3;0.2222222222222222;0.5294117647058824;0.3333333333333333;0.11870389596085659;G
Subject05;P4;0.1111111111111111;0.11111111111111112;0.1935483870967742;0.06255055632906747;G
Subject05;O1;0.1111111111111111;0.29411764705882354;0.27692307692307694;0.04445538373209504;G
Subject05;O2;0.1111111111111111;0.20915032679738563;0.23076923076923078;0.044020947099944335;G
Subject05;Fz;0.16666666666666666;0.45098039215686275;0.29508196721311475;0.06910102869038945;G
Subject05;Cz;0.1111111111111111;0.20915032679738563;0.2903225806451613;0.04568348980046119;G
Subject05;Pz;0.05555555555555555;0.0;0.2535211267605634;0.03176975679288282;G
Subject06;Fp1;0.05555555555555555;0.0;0.16216216216216217;0.03092271869660511;B
Subject06;Fp2;0.16666666666666666;0.21568627450980393;0.19148936170212766;0.08998652433440463;B
Subject06;F3;0.1111111111111111;0.29411764705882354;0.2222222222222222;0.059459653944084645;B
Subject06;F4;0.1111111111111111;0.47058823529411764;0.3333333333333333;0.047077081053009784;B
Subject06;F7;0.05555555555555555;0.0;0.16216216216216217;0.037143281698924974;B
Subject06;F8;0.1111111111111111;0.36601307189542487;0.2571428571428571;0.06146399512527349;B
Subject06;T3;0.05555555555555555;0.0;0.18181818181818182;0.03812613494510085;B
Subject06;T4;0.1111111111111111;0.11111111111111112;0.28125;0.05383575718313029;B
Subject06;C3;0.05555555555555555;0.0;0.2727272727272727;0.028848823780528256;B
Subject06;C4;0.2777777777777778;0.7189542483660131;0.3673469387755102;0.11927888976172576;B
Subject06;T5;0.1111111111111111;0.11111111111111112;0.21951219512195122;0.06764125817579832;B
Subject06;T6;0.05555555555555555;0.0;0.2222222222222222;0.028720779654507818;B
Subject06;P3;0.1111111111111111;0.20915032679738563;0.26865671641791045;0.06006316288315826;B
Subject06;P4;0.1111111111111111;0.11111111111111112;0.2608695652173913;0.04892839481925508;B
Subject06;O1;0.05555555555555555;0.0;0.2535211267605634;0.029804088077110862;B
Subject06;O2;0.05555555555555555;0.0;0.20930232558139536;0.028324008308409837;B
Subject06;Fz;0.1111111111111111;0.42483660130718953;0.29508196721311475;0.0496903416746485;B
Subject06;Cz;0.05555555555555555;0.0;0.2727272727272727;0.024860943769770515;B
Subject06;Pz;0.2222222222222222;0.542483660130719;0.3333333333333333;0.09582416211455269;B
Subject07;Fp1;0.05555555555555555;0.0;0.2222222222222222;0.03566603698137979;G
Subject07;Fp2;0.05555555555555555;0.0;0.20689655172413793;0.04298880380756166;G
Subject07;F3;0.2222222222222222;0.39869281045751637;0.28125;0.1042931018946771;G
Subject07;F4;0.1111111111111111;0.11111111111111112;0.2571428571428571;0.05716748779208913;G
Subject07;F7;0.05555555555555555;0.0;0.1875;0.038972027285998176;G
Subject07;F8;0.05555555555555555;0.0;0.21686746987951808;0.03626656173868435;G
Subject07;T3;0.05555555555555555;0.0;0.2222222222222222;0.031863017935386234;G
Subject07;T4;0.1111111111111111;0.11111111111111112;0.2727272727272727;0.061066489435498125;G
Subject07;C3;0.1111111111111111;0.11111111111111112;0.22784810126582278;0.0642111267682538;G
Subject07;C4;0.2222222222222222;0.6601307189542484;0.35294117647058826;0.09770398946257935;G
Subject07;T5;0.05555555555555555;0.0;0.18556701030927836;0.030547741480994976;G
Subject07;T6;0.05555555555555555;0.0;0.2647058823529412;0.029747496772598272;G
Subject07;P3;0.16666666666666666;0.21568627450980393;0.225;0.08916824889813549;G
Subject07;P4;0.1111111111111111;0.42483660130718953;0.3103448275862069;0.05151263053310361;G
Subject07;O1;0.05555555555555555;0.0;0.18556701030927836;0.04004254094255785;G
Subject07;O2;0.05555555555555555;0.0;0.21428571428571427;0.02704888853219035;G
Subject07;Fz;0.16666666666666666;0.5686274509803921;0.32727272727272727;0.0511198253026585;G
Subject07;Cz;0.1111111111111111;0.5228758169934641;0.34615384615384615;0.03888618270058759;G
Subject07;Pz;0.16666666666666666;0.38562091503267976;0.26865671641791045;0.07172780173506531;G
Subject08;Fp1;0.05555555555555555;0.0;0.27692307692307694;0.03653641840553041;G
Subject08;Fp2;0.05555555555555555;0.0;0.23076923076923078;0.039125596716776706;G
Subject08;F3;0.2222222222222222;0.47058823529411764;0.375;0.09400959132065627;G
Subject08;F4;0.05555555555555555;0.0;0.23076923076923078;0.030831705009954878;G
Subject08;F7;0.05555555555555555;0.0;0.27692307692307694;0.03455892047188522;G
Subject08;F8;0.05555555555555555;0.0;0.18556701030927836;0.040872038640047556;G
Subject08;T3;0.1111111111111111;0.11111111111111112;0.32142857142857145;0.06294063253967715;G
Subject08;T4;0.1111111111111111;0.11111111111111112;0.225;0.06509450116379394;G
Subject08;C3;0.2222222222222222;0.7581699346405228;0.43902439024390244;0.08001364207288718;G
Subject08;C4;0.1111111111111111;0.20915032679738563;0.27692307692307694;0.04921194497107398;G
Subject08;T5;0.05555555555555555;0.0;0.2465753424657534;0.03822945455189966;G
Subject08;T6;0.05555555555555555;0.0;0.1978021978021978;0.039399702788691135;G
Subject08;P3;0.16666666666666666;0.45098039215686275;0.375;0.0668431294553705;G
Subject08;P4;0.1111111111111111;0.11111111111111112;0.24324324324324326;0.058705462161228836;G
Subject08;O1;0.05555555555555555;0.0;0.27692307692307694;0.03335086403191478;G
Subject08;O2;0.05555555555555555;0.0;0.23684210526315788;0.03693702210144842;G
Subject08;Fz;0.16666666666666666;0.21568627450980393;0.29508196721311475;0.07911292857025766;G
Subject08;Cz;0.1111111111111111;0.29411764705882354;0.34615384615384615;0.04337491337597113;G
Subject08;Pz;0.16666666666666666;0.30718954248366015;0.3050847457627119;0.07085153165093429;G
Subject09;Fp1;0.05555555555555555;0.0;0.16216216216216217;0.032268821852695764;B
Subject09;Fp2;0.05555555555555555;0.0;0.25;0.037272033537482915;B
Subject09;F3;0.1111111111111111;0.20915032679738563;0.22784810126582278;0.05708833458484208;B
Subject09;F4;0.2222222222222222;0.5294117647058824;0.32727272727272727;0.11195249303255968;B
Subject09;F7;0.1111111111111111;0.11111111111111112;0.19148936170212766;0.0637848553100669;B
Subject09;F8;0.05555555555555555;0.0;0.25;0.03795238749030486;B
Subject09;T3;0.1111111111111111;0.11111111111111112;0.28125;0.060893135186245645;B
Subject09;T4;0.05555555555555555;0.0;0.18181818181818182;0.03730284382469534;B
Subject09;C3;0.16666666666666666;0.6209150326797386;0.3673469387755102;0.07050331544527676;B
Subject09;C4;0.05555555555555555;0.0;0.26865671641791045;0.026306614141093775;B
Subject09;T5;0.05555555555555555;0.0;0.2222222222222222;0.03552865894157203;B
Subject09;T6;0.1111111111111111;0.11111111111111112;0.21951219512195122;0.06469023343271833;B
Subject09;P3;0.05555555555555555;0.0;0.2535211267605634;0.029334338979442445;B
Subject09;P4;0.1111111111111111;0.20915032679738563;0.26865671641791045;0.050936903909795675;B
Subject09;O1;0.1111111111111111;0.11111111111111112;0.2608695652173913;0.05091512144314839;B
Subject09;O2;0.05555555555555555;0.0;0.20930232558139536;0.02957546550626222;B
Subject09;Fz;0.1111111111111111;0.29411764705882354;0.2727272727272727;0.045218585115744656;B
Subject09;Cz;0.16666666666666666;0.5686274509803921;0.36;0.06420715908222327;B
Subject09;Pz;0.2222222222222222;0.542483660130719;0.3333333333333333;0.09426869918382903;B
Subject10;Fp1;0.1111111111111111;0.11111111111111112;0.2222222222222222;0.06963327556275903;B
Subject10;Fp2;0.05555555555555555;0.0;0.21686746987951808;0.04014001688228172;B
Subject10;F3;0.1111111111111111;0.20915032679738563;0.2727272727272727;0.04898111595862427;B
Subject10;F4;0.16666666666666666;0.21568627450980393;0.2727272727272727;0.08473949519640586;B
Subject10;F7;0.05555555555555555;0.0;0.1836734693877551;0.03783159041762858;B
Subject10;F8;0.05555555555555555;0.0;0.21686746987951808;0.03557096757022275;B
Subject10;T3;0.1111111111111111;0.11111111111111112;0.2727272727272727;0.057072085437833486;B
Subject10;T4;0.1111111111111111;0.11111111111111112;0.23684210526315788;0.0662338234116867;B
Subject10;C3;0.16666666666666666;0.5686274509803921;0.35294117647058826;0.07568249787784;B
Subject10;C4;0.1111111111111111;0.20915032679738563;0.29508196721311475;0.04921040277597889;B
Subject10;T5;0.05555555555555555;0.0;0.21686746987951808;0.03073515174678121;B
Subject10;T6;0.05555555555555555;0.0;0.1935483870967742;0.0389343344349808;B
Subject10;P3;0.1111111111111111;0.36601307189542487;0.3;0.05572570488244341;B
Subject10;P4;0.05555555555555555;0.0;0.20454545454545456;0.02828947897507922;B
Subject10;O1;0.05555555555555555;0.0;0.17475728155339806;0.0312071145208533;B
Subject10;O2;0.1111111111111111;0.11111111111111112;0.20930232558139536;0.05701680023507226;B
Subject10;Fz;0.16666666666666666;0.5294117647058824;0.33962264150943394;0.054957212453681445;B
Subject10;Cz;0.16666666666666666;0.6601307189542484;0.375;0.06197245933010402;B
Subject10;Pz;0.16666666666666666;0.30718954248366015;0.2535211267605634;0.07606647232974272;B
Subject11;Fp1;0.05555555555555555;0.0;0.1565217391304348;0.04303504142672422;G
Subject11;Fp2;0.05555555555555555;0.0;0.1565217391304348;0.03957259067903754;G
Subject11;F3;0.1111111111111111;0.20915032679738563;0.21686746987951808;0.0529744503191113;G
Subject11;F4;0.1111111111111111;0.20915032679738563;0.21686746987951808;0.04651511501186875;G
Subject11;F7;0.1111111111111111;0.11111111111111112;0.1836734693877551;0.07211379785753999;G
Subject11;F8;0.1111111111111111;0.11111111111111112;0.1836734693877551;0.06809702811710144;G
Subject11;T3;0.05555555555555555;0.0;0.22784810126582278;0.03545215036580482;G
Subject11;T4;0.05555555555555555;0.0;0.18181818181818182;0.041426179076203926;G
Subject11;C3;0.1111111111111111;0.5294117647058824;0.29508196721311475;0.04513702017474226;G
Subject11;C4;0.1111111111111111;0.5032679738562091;0.27692307692307694;0.04858663718339877;G
Subject11;T5;0.05555555555555555;0.0;0.22784810126582278;0.029286720120742942;G
Subject11;T6;0.05555555555555555;0.0;0.18181818181818182;0.033920766778960144;G
Subject11;P3;0.2222222222222222;0.607843137254902;0.2903225806451613;0.09405106259798444;G
Subject11;P4;0.16666666666666666;0.21568627450980393;0.21951219512195122;0.08868409627188828;G
Subject11;O1;0.05555555555555555;0.0;0.1782178217821782;0.03432000779752646;G
Subject11;O2;0.1111111111111111;0.11111111111111112;0.21428571428571427;0.05896846334681019;G
Subject11;Fz;0.16666666666666666;0.5294117647058824;0.2571428571428571;0.059215846323444954;G
Subject11;Cz;0.1111111111111111;0.5228758169934641;0.2903225806451613;0.04820546588875094;G
Subject11;Pz;0.16666666666666666;0.46405228758169936;0.2608695652173913;0.06043756066235827;G
Subject12;Fp1;0.05555555555555555;0.0;0.19148936170212766;0.032656892486311984;G
Subject12;Fp2;0.1111111111111111;0.20915032679738563;0.2903225806451613;0.05959037581669241;G
Subject12;F3;0.05555555555555555;0.0;0.2727272727272727;0.029248009472727245;G
Subject12;F4;0.2777777777777778;0.6143790849673203;0.3673469387755102;0.12983321996138636;G
Subject12;F7;0.1111111111111111;0.11111111111111112;0.23376623376623376;0.06340840327757753;G
Subject12;F8;0.05555555555555555;0.0;0.2727272727272727;0.034420839182917995;G
Subject12;T3;0.05555555555555555;0.0;0.28125;0.026977296823089292;G
Subject12;T4;0.05555555555555555;0.0;0.2222222222222222;0.032965769601571826;G
Subject12;C3;0.16666666666666666;0.5686274509803921;0.3829787234042553;0.07383113416875275;G
Subject12;C4;0.05555555555555555;0.0;0.2857142857142857;0.02867751097538346;G
Subject12;T5;0.05555555555555555;0.0;0.21428571428571427;0.037549204787518914;G
Subject12;T6;0.05555555555555555;0.0;0.21428571428571427;0.03129666374269752;G
Subject12;P3;0.1111111111111111;0.11111111111111112;0.26865671641791045;0.060694238421448984;G
Subject12;P4;0.1111111111111111;0.11111111111111112;0.26865671641791045;0.050550636053212236;G
Subject12;O1;0.1111111111111111;0.11111111111111112;0.26865671641791045;0.053633725302983104;G
Subject12;O2;0.05555555555555555;0.0;0.21428571428571427;0.029242367100493393;G
Subject12;Fz;0.1111111111111111;0.11111111111111112;0.28125;0.05705581967959837;G
Subject12;Cz;0.16666666666666666;0.5816993464052288;0.391304347826087;0.07017255884711913;G
Subject12;Pz;0.2222222222222222;0.5490196078431373;0.34615384615384615;0.09819533429851747;G
Subject13;Fp1;0.05555555555555555;0.0;0.24;0.0342248126374502;G
Subject13;Fp2;0.2222222222222222;0.47058823529411764;0.3103448275862069;0.10060278559433633;G
Subject13;F3;0.1111111111111111;0.11111111111111112;0.20930232558139536;0.06351519566833994;G
Subject13;F4;0.1111111111111111;0.47058823529411764;0.35294117647058826;0.046210517672569826;G
Subject13;F7;0.05555555555555555;0.0;0.17475728155339806;0.038298185161779234;G
Subject13;F8;0.05555555555555555;0.0;0.24;0.036089457312343934;G
Subject13;T3;0.05555555555555555;0.0;0.1956521739130435;0.03456931473112557;G
Subject13;T4;0.05555555555555555;0.0;0.24;0.04080405201527208;G
Subject13;C3;0.05555555555555555;0.0;0.2857142857142857;0.02558443837622558;G
Subject13;C4;0.05555555555555555;0.0;0.2857142857142857;0.028477806732562727;G
Subject13;T5;0.1111111111111111;0.11111111111111112;0.24;0.06262200207715293;G
Subject13;T6;0.05555555555555555;0.0;0.24;0.031605428081063425;G
Subject13;P3;0.1111111111111111;0.20915032679738563;0.3;0.05236587078467436;G
Subject13;P4;0.2222222222222222;0.3137254901960784;0.3103448275862069;0.11132985987534329;G
Subject13;O1;0.05555555555555555;0.0;0.28125;0.028904381305301884;G
Subject13;O2;0.05555555555555555;0.0;0.24;0.03189876488723965;G
Subject13;Fz;0.1111111111111111;0.20915032679738563;0.2535211267605634;0.0492218057190265;G
Subject13;Cz;0.2222222222222222;0.6274509803921569;0.391304347826087;0.09804835244439895;G
Subject13;Pz;0.2222222222222222;0.6470588235294118;0.3829787234042553;0.08562696892379335;G
Subject14;Fp1;0.05555555555555555;0.0;0.18556701030927836;0.0328849386453038;B
Subject14;Fp2;0.16666666666666666;0.30718954248366015;0.225;0.08225001202078801;B
Subject14;F3;0.05555555555555555;0.0;0.23376623376623376;0.025531243598488417;B
Subject14;F4;0.1111111111111111;0.36601307189542487;0.2608695652173913;0.049942651643477276;B
Subject14;F7;0.05555555555555555;0.0;0.16071428571428573;0.04400233869039549;B
Subject14;F8;0.1111111111111111;0.11111111111111112;0.18947368421052632;0.06711870362814976;B
Subject14;T3;0.05555555555555555;0.0;0.2535211267605634;0.032301175079333055;B
Subject14;T4;0.05555555555555555;0.0;0.1875;0.04209739382057773;B
Subject14;C3;0.16666666666666666;0.5816993464052288;0.3333333333333333;0.07729873578613054;B
Subject14;C4;0.05555555555555555;0.0;0.25;0.023582657382181654;B
Subject14;T5;0.05555555555555555;0.0;0.24324324324324326;0.03321916141000085;B
Subject14;T6;0.1111111111111111;0.11111111111111112;0.22784810126582278;0.060398936731272806;B
Subject14;P3;0.16666666666666666;0.542483660130719;0.3157894736842105;0.08180306679357528;B
Subject14;P4;0.2222222222222222;0.477124183006536;0.28125;0.09467547898898333;B
Subject14;O1;0.05555555555555555;0.0;0.1875;0.030886337123773144;B
Subject14;O2;0.1111111111111111;0.11111111111111112;0.22784810126582278;0.05420268852689171;B
Subject14;Fz;0.16666666666666666;0.5032679738562091;0.3;0.06985043862204718;B
Subject14;Cz;0.16666666666666666;0.5686274509803921;0.32727272727272727;0.06768956908073466;B
Subject14;Pz;0.05555555555555555;0.0;0.2222222222222222;0.030264472427895126;B
Subject15;Fp1;0.16666666666666666;0.21568627450980393;0.28125;0.09065207094812011;G
Subject15;Fp2;0.05555555555555555;0.0;0.21686746987951808;0.045416439595024075;G
Subject15;F3;0.05555555555555555;0.0;0.2647058823529412;0.025549052635973197;G
Subject15;F4;0.1111111111111111;0.11111111111111112;0.2727272727272727;0.058209773802486806;G
Subject15;F7;0.05555555555555555;0.0;0.2222222222222222;0.041474205575505074;G
Subject15;F8;0.05555555555555555;0.0;0.2222222222222222;0.032000753824692696;G
Subject15;T3;0.1111111111111111;0.11111111111111112;0.24324324324324326;0.06528434327561371;G
Subject15;T4;0.05555555555555555;0.0;0.2727272727272727;0.03745785049779786;G
Subject15;C3;0.1111111111111111;0.20915032679738563;0.3050847457627119;0.05021112817162726;G
Subject15;C4;0.16666666666666666;0.542483660130719;0.3673469387755102;0.07269737129322425;G
Subject15;T5;0.05555555555555555;0.0;0.1978021978021978;0.036746831954069165;G
Subject15;T6;0.05555555555555555;0.0;0.21428571428571427;0.034515592047106886;G
Subject15;P3;0.05555555555555555;0.0;0.2465753424657534;0.03195284275367956;G
Subject15;P4;0.16666666666666666;0.30718954248366015;0.26865671641791045;0.07486787830300325;G
Subject15;O1;0.05555555555555555;0.0;0.18181818181818182;0.03792301671889256;G
Subject15;O2;0.1111111111111111;0.11111111111111112;0.21951219512195122;0.05835947551809549;G
Subject15;Fz;0.2222222222222222;0.542483660130719;0.35294117647058826;0.07884697796540399;G
Subject15;Cz;0.16666666666666666;0.6601307189542484;0.391304347826087;0.051853079082481934;G
Subject15;Pz;0.16666666666666666;0.45098039215686275;0.32142857142857145;0.07598131603720182;G
Subject16;Fp1;0.05555555555555555;0.0;0.1978021978021978;0.031542833465352846;G
Subject16;Fp2;0.1111111111111111;0.11111111111111112;0.1836734693877551;0.0723068945940776;G
Subject16;F3;0.16666666666666666;0.5228758169934641;0.3050847457627119;0.06645666191136258;G
Subject16;F4;0.1111111111111111;0.20915032679738563;0.21686746987951808;0.05696739000030385;G
Subject16;F7;0.1111111111111111;0.11111111111111112;0.24324324324324326;0.05434131561215608;G
Subject16;F8;0.05555555555555555;0.0;0.1565217391304348;0.03987044758378232;G
Subject16;T3;0.1111111111111111;0.11111111111111112;0.2608695652173913;0.063138694221114;G
Subject16;T4;0.05555555555555555;0.0;0.24;0.032924815894024906;G
Subject16;C3;0.16666666666666666;0.6209150326797386;0.3333333333333333;0.07323172153784076;G
Subject16;C4;0.16666666666666666;0.542483660130719;0.3103448275862069;0.07476321046651378;G
Subject16;T5;0.05555555555555555;0.0;0.20930232558139536;0.035549008414495514;G
Subject16;T6;0.05555555555555555;0.0;0.21951219512195122;0.035820798456053154;G
Subject16;P3;0.05555555555555555;0.0;0.18947368421052632;0.03313013857310933;G
Subject16;P4;0.2222222222222222;0.47058823529411764;0.27692307692307694;0.10331059008515685;G
Subject16;O1;0.05555555555555555;0.0;0.18947368421052632;0.0329238837710482;G
Subject16;O2;0.05555555555555555;0.0;0.21951219512195122;0.029347613492742366;G
Subject16;Fz;0.1111111111111111;0.29411764705882354;0.2571428571428571;0.04192238707103409;G
Subject16;Cz;0.1111111111111111;0.5228758169934641;0.32727272727272727;0.04187199064986702;G
Subject16;Pz;0.16666666666666666;0.21568627450980393;0.23076923076923078;0.0805796041999646;G
Subject17;Fp1;0.1111111111111111;0.20915032679738563;0.1978021978021978;0.05434998409023002;G
Subject17;Fp2;0.1111111111111111;0.11111111111111112;0.16981132075471697;0.06740812656702169;G
Subject17;F3;0.16666666666666666;0.38562091503267976;0.23076923076923078;0.06788704401253869;G
Subject17;F4;0.05555555555555555;0.0;0.20930232558139536;0.0226561040092571;G
Subject17;F7;0.05555555555555555;0.0;0.18947368421052632;0.027001101681067823;G
Subject17;F8;0.05555555555555555;0.0;0.14634146341463414;0.03850908042116716;G
Subject17;T3;0.1111111111111111;0.11111111111111112;0.22784810126582278;0.06644676070411927;G
Subject17;T4;0.1111111111111111;0.47058823529411764;0.2465753424657534;0.05291613015857327;G
Subject17;C3;0.16666666666666666;0.6209150326797386;0.28125;0.0760630434337043;G
Subject17;C4;0.1111111111111111;0.5032679738562091;0.2647058823529412;0.04812668727406523;G
Subject17;T5;0.05555555555555555;0.0;0.1875;0.04114662089636727;G
Subject17;T6;0.05555555555555555;0.0;0.18556701030927836;0.039364527448502315;G
Subject17;P3;0.1111111111111111;0.11111111111111112;0.15126050420168066;0.06121866203383115;G
Subject17;P4;0.16666666666666666;0.45098039215686275;0.225;0.0842293787613313;G
Subject17;O1;0.1111111111111111;0.20915032679738563;0.17307692307692307;0.05409208830734695;G
Subject17;O2;0.1111111111111111;0.29411764705882354;0.1978021978021978;0.04966753929719235;G
Subject17;Fz;0.16666666666666666;0.5032679738562091;0.2608695652173913;0.07048849318818144;G
Subject17;Cz;0.1111111111111111;0.5228758169934641;0.27692307692307694;0.04217516713225712;G
Subject17;Pz;0.05555555555555555;0.0;0.1323529411764706;0.0362534605832453;G
Subject18;Fp1;0.05555555555555555;0.0;0.20454545454545456;0.03323149687132053;G
Subject18;Fp2;0.05555555555555555;0.0;0.2;0.03348464146042863;G
Subject18;F3;0.2222222222222222;0.6470588235294118;0.4;0.0931628884550883;G
Subject18;F4;0.1111111111111111;0.20915032679738563;0.3103448275862069;0.06006372556207512;G
Subject18;F7;0.1111111111111111;0.11111111111111112;0.2535211267605634;0.05878522062757219;G
Subject18;F8;0.1111111111111111;0.11111111111111112;0.2465753424657534;0.0634516499354778;G
Subject18;T3;0.16666666666666666;0.30718954248366015;0.32142857142857145;0.08083262766893351;G
Subject18;T4;0.05555555555555555;0.0;0.24;0.033314511547856016;G
Subject18;C3;0.05555555555555555;0.0;0.29508196721311475;0.029565500532725955;G
Subject18;C4;0.05555555555555555;0.0;0.29508196721311475;0.028329075482290276;G
Subject18;T5;0.05555555555555555;0.0;0.2465753424657534;0.03540476787605544;G
Subject18;T6;0.05555555555555555;0.0;0.24;0.032137473865982036;G
Subject18;P3;0.05555555555555555;0.0;0.2727272727272727;0.03039720899474841;G
Subject18;P4;0.2222222222222222;0.39869281045751637;0.3103448275862069;0.10340429722729735;G
Subject18;O1;0.05555555555555555;0.0;0.2;0.03292117705629381;G
Subject18;O2;0.1111111111111111;0.11111111111111112;0.2465753424657534;0.05746763942644838;G
Subject18;Fz;0.05555555555555555;0.0;0.2903225806451613;0.026658630864852057;G
Subject18;Cz;0.2222222222222222;0.6274509803921569;0.4090909090909091;0.09686874813892835;G
Subject18;Pz;0.16666666666666666;0.5032679738562091;0.3673469387755102;0.07051871840562543;G
Subject19;Fp1;0.05555555555555555;0.0;0.23684210526315788;0.03420166639380379;B
Subject19;Fp2;0.1111111111111111;0.11111111111111112;0.2857142857142857;0.0607000161236424;B
Subject19;F3;0.1111111111111111;0.11111111111111112;0.24324324324324326;0.05888916815654453;B
Subject19;F4;0.16666666666666666;0.5228758169934641;0.375;0.059935912298362454;B
Subject19;F7;0.05555555555555555;0.0;0.1978021978021978;0.03837303407247151;B
Subject19;F8;0.05555555555555555;0.0;0.225;0.037770277012329045;B
Subject19;T3;0.1111111111111111;0.11111111111111112;0.2535211267605634;0.06351245035839147;B
Subject19;T4;0.05555555555555555;0.0;0.24;0.038686189387245315;B
Subject19;C3;0.1111111111111111;0.20915032679738563;0.32142857142857145;0.044989446514262996;B
Subject19;C4;0.1111111111111111;0.11111111111111112;0.3103448275862069;0.055457445346247844;B
Subject19;T5;0.05555555555555555;0.0;0.20454545454545456;0.03844750250463616;B
Subject19;T6;0.05555555555555555;0.0;0.1978021978021978;0.03661106368914706;B
Subject19;P3;0.05555555555555555;0.0;0.26865671641791045;0.03127250391573348;B
Subject19;P4;0.1111111111111111;0.29411764705882354;0.29508196721311475;0.053743112189796244;B
Subject19;O1;0.05555555555555555;0.0;0.1978021978021978;0.03053591492261906;B
Subject19;O2;0.16666666666666666;0.21568627450980393;0.24324324324324326;0.08925740326098154;B
Subject19;Fz;0.16666666666666666;0.30718954248366015;0.3050847457627119;0.07037654948441191;B
Subject19;Cz;0.2222222222222222;0.738562091503268;0.4186046511627907;0.07832661201166355;B
Subject19;Pz;0.16666666666666666;0.45098039215686275;0.36;0.07891373235770953;B
Subject20;Fp1;0.05555555555555555;0.0;0.1956521739130435;0.030946024423445104;G
Subject20;Fp2;0.05555555555555555;0.0;0.2222222222222222;0.03588072833323957;G
Subject20;F3;0.05555555555555555;0.0;0.33962264150943394;0.029064293964885378;G
Subject20;F4;0.1111111111111111;0.20915032679738563;0.3673469387755102;0.052621786151668126;G
Subject20;F7;0.1111111111111111;0.11111111111111112;0.24;0.06120279003991812;G
Subject20;F8;0.1111111111111111;0.11111111111111112;0.28125;0.06153542947977554;G
Subject20;T3;0.05555555555555555;0.0;0.2647058823529412;0.03568100064956686;G
Subject20;T4;0.1111111111111111;0.20915032679738563;0.3;0.06245741196457698;G
Subject20;C3;0.1111111111111111;0.11111111111111112;0.35294117647058826;0.060443972403109725;G
Subject20;C4;0.1111111111111111;0.29411764705882354;0.3829787234042553;0.04840901829164648;G
Subject20;T5;0.05555555555555555;0.0;0.2535211267605634;0.03883323301723601;G
Subject20;T6;0.05555555555555555;0.0;0.3103448275862069;0.02927577624548336;G
Subject20;P3;0.16666666666666666;0.21568627450980393;0.3333333333333333;0.07899108836102951;G
Subject20;P4;0.2777777777777778;0.5490196078431373;0.43902439024390244;0.12344939029065839;G
Subject20;O1;0.05555555555555555;0.0;0.2535211267605634;0.025492403040036863;G
Subject20;O2;0.05555555555555555;0.0;0.3103448275862069;0.029876457126174347;G
Subject20;Fz;0.05555555555555555;0.0;0.33962264150943394;0.026739830622723133;G
Subject20;Cz;0.3333333333333333;0.7973856209150327;0.5;0.13394920361847043;G
Subject20;Pz;0.05555555555555555;0.0;0.3103448275862069;0.03515016197635561;G
Subject21;Fp1;0.05555555555555555;0.0;0.21686746987951808;0.033506849189930604;B
Subject21;Fp2;0.05555555555555555;0.0;0.1875;0.030255001649268094;B
Subject21;F3;0.16666666666666666;0.21568627450980393;0.2727272727272727;0.0871916465140582;B
Subject21;F4;0.16666666666666666;0.30718954248366015;0.28125;0.08604939782635869;B
Subject21;F7;0.05555555555555555;0.0;0.21686746987951808;0.031950444520346434;B
Subject21;F8;0.1111111111111111;0.11111111111111112;0.22784810126582278;0.05980818002212415;B
Subject21;T3;0.05555555555555555;0.0;0.2571428571428571;0.028752093273083906;B
Subject21;T4;0.05555555555555555;0.0;0.29508196721311475;0.0347207032351223;B
Subject21;C3;0.16666666666666666;0.38562091503267976;0.33962264150943394;0.07118965761962294;B
Subject21;C4;0.1111111111111111;0.36601307189542487;0.33962264150943394;0.04784476881525253;B
Subject21;T5;0.05555555555555555;0.0;0.2;0.03295374295891443;B
Subject21;T6;0.05555555555555555;0.0;0.2727272727272727;0.034163879837614174;B
Subject21;P3;0.1111111111111111;0.11111111111111112;0.2465753424657534;0.05500863509897805;B
Subject21;P4;0.16666666666666666;0.5032679738562091;0.3673469387755102;0.08218256728161992;B
Subject21;O1;0.05555555555555555;0.0;0.2;0.030780913661401912;B
Subject21;O2;0.1111111111111111;0.11111111111111112;0.2465753424657534;0.05433656228795357;B
Subject21;Fz;0.05555555555555555;0.0;0.2222222222222222;0.03158907808417144;B
Subject21;Cz;0.2222222222222222;0.7320261437908497;0.4090909090909091;0.09315692726977788;B
Subject21;Pz;0.16666666666666666;0.39215686274509803;0.3103448275862069;0.07455895085440058;B
Subject22;Fp1;0.1111111111111111;0.20915032679738563;0.23376623376623376;0.057694911320402;B
Subject22;Fp2;0.1111111111111111;0.11111111111111112;0.1956521739130435;0.06242699463560736;B
Subject22;F3;0.16666666666666666;0.5228758169934641;0.33962264150943394;0.068735521219818;B
Subject22;F4;0.05555555555555555;0.0;0.21176470588235294;0.03590990415247708;B
Subject22;F7;0.1111111111111111;0.29411764705882354;0.28125;0.0533254435475574;B
Subject22;F8;0.05555555555555555;0.0;0.1651376146788991;0.033075420717877994;B
Subject22;T3;0.1111111111111111;0.11111111111111112;0.23684210526315788;0.056393431195442184;B
Subject22;T4;0.05555555555555555;0.0;0.2647058823529412;0.03851783664339024;B
Subject22;C3;0.1111111111111111;0.20915032679738563;0.29508196721311475;0.05080847883344555;B
Subject22;C4;0.16666666666666666;0.542483660130719;0.35294117647058826;0.07741656159963262;B
Subject22;T5;0.05555555555555555;0.0;0.1935483870967742;0.031213432093541597;B
Subject22;T6;0.05555555555555555;0.0;0.24;0.03685374449200815;B
Subject22;P3;0.05555555555555555;0.0;0.20454545454545456;0.03470118211178527;B
Subject22;P4;0.2222222222222222;0.47058823529411764;0.3103448275862069;0.10290683908701505;B
Subject22;O1;0.05555555555555555;0.0;0.20454545454545456;0.030627214183742958;B
Subject22;O2;0.05555555555555555;0.0;0.24;0.03319745235507444;B
Subject22;Fz;0.1111111111111111;0.11111111111111112;0.2647058823529412;0.05188082725288297;B
Subject22;Cz;0.16666666666666666;0.6601307189542484;0.375;0.06708278518745445;B
Subject22;Pz;0.16666666666666666;0.21568627450980393;0.2535211267605634;0.07723201937084456;B
Subject23;Fp1;0.1111111111111111;0.20915032679738563;0.20224719101123595;0.05937511956969545;G
Subject23;Fp2;0.1111111111111111;0.11111111111111112;0.17307692307692307;0.06307636589530363;G
Subject23;F3;0.1111111111111111;0.36601307189542487;0.27692307692307694;0.04670306128499087;G
Subject23;F4;0.05555555555555555;0.0;0.2465753424657534;0.025575090895179915;G
Subject23;F7;0.1111111111111111;0.29411764705882354;0.23684210526315788;0.05942298632293083;G
Subject23;F8;0.05555555555555555;0.0;0.1487603305785124;0.03534933517018684;G
Subject23;T3;0.05555555555555555;0.0;0.2535211267605634;0.03515880622240396;G
Subject23;T4;0.05555555555555555;0.0;0.2222222222222222;0.032469245017566706;G
Subject23;C3;0.16666666666666666;0.542483660130719;0.3333333333333333;0.07698567649145097;G
Subject23;C4;0.16666666666666666;0.21568627450980393;0.28125;0.08202368638155699;G
Subject23;T5;0.05555555555555555;0.0;0.23076923076923078;0.029491438343234585;G
Subject23;T6;0.05555555555555555;0.0;0.16981132075471697;0.03419055555380318;G
Subject23;P3;0.2222222222222222;0.47058823529411764;0.29508196721311475;0.10348486888981592;G
Subject23;P4;0.05555555555555555;0.0;0.2222222222222222;0.035442046520437906;G
Subject23;O1;0.1111111111111111;0.20915032679738563;0.24324324324324326;0.05730118599737555;G
Subject23;O2;0.1111111111111111;0.11111111111111112;0.20224719101123595;0.059825774799888265;G
Subject23;Fz;0.16666666666666666;0.5032679738562091;0.32142857142857145;0.06520588881401143;G
Subject23;Cz;0.16666666666666666;0.6601307189542484;0.35294117647058826;0.06875409778495609;G
Subject23;Pz;0.05555555555555555;0.0;0.23076923076923078;0.030164770045210672;G
Subject24;Fp1;0.05555555555555555;0.0;0.23076923076923078;0.04220651224780447;G
Subject24;Fp2;0.05555555555555555;0.0;0.2608695652173913;0.03749124603038656;G
Subject24;F3;0.16666666666666666;0.21568627450980393;0.24324324324324326;0.08154921628112471;G
Subject24;F4;0.16666666666666666;0.5032679738562091;0.34615384615384615;0.06839973526317354;G
Subject24;F7;0.05555555555555555;0.0;0.1978021978021978;0.03450493735464179;G
Subject24;F8;0.05555555555555555;0.0;0.1978021978021978;0.036152358955607936;G
Subject24;T3;0.05555555555555555;0.0;0.18947368421052632;0.03721465459231903;G
Subject24;T4;0.05555555555555555;0.0;0.28125;0.036316537523765444;G
Subject24;C3;0.05555555555555555;0.0;0.22784810126582278;0.030809525122841654;G
Subject24;C4;0.2222222222222222;0.673202614379085;0.3829787234042553;0.0996865497591631;G
Subject24;T5;0.1111111111111111;0.11111111111111112;0.23076923076923078;0.06555002022963138;G
Subject24;T6;0.05555555555555555;0.0;0.16981132075471697;0.03831837818573951;G
Subject24;P3;0.1111111111111111;0.20915032679738563;0.2857142857142857;0.05002542687307891;G
Subject24;P4;0.1111111111111111;0.29411764705882354;0.29508196721311475;0.04077110128906751;G
Subject24;O1;0.1111111111111111;0.11111111111111112;0.20224719101123595;0.06323626688555384;G
Subject24;O2;0.1111111111111111;0.20915032679738563;0.24324324324324326;0.05103066190334739;G
Subject24;Fz;0.16666666666666666;0.38562091503267976;0.29508196721311475;0.0722453792924615;G
Subject24;Cz;0.1111111111111111;0.11111111111111112;0.2903225806451613;0.05017925147993685;G
Subject24;Pz;0.16666666666666666;0.5816993464052288;0.36;0.06431224073035452;G
Subject25;Fp1;0.16666666666666666;0.21568627450980393;0.27692307692307694;0.09129338141943631;G
Subject25;Fp2;0.05555555555555555;0.0;0.21951219512195122;0.030255311132182893;G
Subject25;F3;0.16666666666666666;0.5294117647058824;0.34615384615384615;0.06862671238822109;G
Subject25;F4;0.1111111111111111;0.11111111111111112;0.225;0.060663793335163335;G
Subject25;F7;0.05555555555555555;0.0;0.21951219512195122;0.03560836294454142;G
Subject25;F8;0.05555555555555555;0.0;0.18556701030927836;0.045593646844018926;G
Subject25;T3;0.05555555555555555;0.0;0.26865671641791045;0.029071142604934104;G
Subject25;T4;0.1111111111111111;0.11111111111111112;0.24;0.07001592062267727;G
Subject25;C3;0.16666666666666666;0.542483660130719;0.36;0.07148176250640446;G
Subject25;C4;0.1111111111111111;0.20915032679738563;0.3;0.052600874077514;G
Subject25;T5;0.05555555555555555;0.0;0.20689655172413793;0.03572238148231208;G
Subject25;T6;0.05555555555555555;0.0;0.1956521739130435;0.04035112823249053;G
Subject25;P3;0.16666666666666666;0.21568627450980393;0.2571428571428571;0.0786537798294651;G
Subject25;P4;0.1111111111111111;0.11111111111111112;0.25;0.05962082939889496;G
Subject25;O1;0.05555555555555555;0.0;0.20689655172413793;0.028675807997256938;G
Subject25;O2;0.05555555555555555;0.0;0.20224719101123595;0.03617000850443764;G
Subject25;Fz;0.1111111111111111;0.20915032679738563;0.27692307692307694;0.031838317670893304;G
Subject25;Cz;0.16666666666666666;0.6601307189542484;0.3829787234042553;0.060193515869991845;G
Subject25;Pz;0.16666666666666666;0.46405228758169936;0.3157894736842105;0.07356332313916339;G
Subject26;Fp1;0.05555555555555555;0.0;0.2608695652173913;0.033637235509186375;G
Subject26;Fp2;0.05555555555555555;0.0;0.18;0.028147133180653587;G
Subject26;F3;0.2222222222222222;0.607843137254902;0.34615384615384615;0.1068455519631412;G
Subject26;F4;0.16666666666666666;0.39215686274509803;0.2647058823529412;0.0822126455622064;G
Subject26;F7;0.05555555555555555;0.0;0.2608695652173913;0.03695896072319442;G
Subject26;F8;0.1111111111111111;0.11111111111111112;0.21686746987951808;0.056585310181264684;G
Subject26;T3;0.05555555555555555;0.0;0.18947368421052632;0.03533478263115722;G
Subject26;T4;0.1111111111111111;0.11111111111111112;0.21686746987951808;0.06028517701765082;G
Subject26;C3;0.05555555555555555;0.0;0.2647058823529412;0.030313111889488993;G
Subject26;C4;0.05555555555555555;0.0;0.2647058823529412;0.02826333528534021;G
Subject26;T5;0.1111111111111111;0.11111111111111112;0.23076923076923078;0.06260507182249624;G
Subject26;T6;0.05555555555555555;0.0;0.18;0.03182022208446375;G
Subject26;P3;0.16666666666666666;0.46405228758169936;0.2857142857142857;0.0763110526398923;G
Subject26;P4;0.05555555555555555;0.0;0.1935483870967742;0.03790727513961189;G
Subject26;O1;0.16666666666666666;0.21568627450980393;0.23684210526315788;0.07435962570208324;G
Subject26;O2;0.05555555555555555;0.0;0.1935483870967742;0.018231025627127525;G
Subject26;Fz;0.1111111111111111;0.42483660130718953;0.3050847457627119;0.04405114363770789;G
Subject26;Cz;0.2222222222222222;0.6274509803921569;0.35294117647058826;0.10283548304832876;G
Subject26;Pz;0.1111111111111111;0.47058823529411764;0.32142857142857145;0.05329585635500422;G
Subject27;Fp1;0.1111111111111111;0.11111111111111112;0.2647058823529412;0.06462819153322519;G
Subject27;Fp2;0.05555555555555555;0.0;0.19148936170212766;0.03310273732513243;G
Subject27;F3;0.16666666666666666;0.5228758169934641;0.33962264150943394;0.07072765153689818;G
Subject27;F4;0.16666666666666666;0.21568627450980393;0.23376623376623376;0.08919565238678044;G
Subject27;F7;0.05555555555555555;0.0;0.21176470588235294;0.03537719158371571;G
Subject27;F8;0.05555555555555555;0.0;0.19148936170212766;0.041562067287907;G
Subject27;T3;0.05555555555555555;0.0;0.2727272727272727;0.03126030823529474;G
Subject27;T4;0.05555555555555555;0.0;0.225;0.04021078288016462;G
Subject27;C3;0.16666666666666666;0.5686274509803921;0.3673469387755102;0.0697491195764098;G
Subject27;C4;0.1111111111111111;0.11111111111111112;0.2857142857142857;0.055199577351438045;G
Subject27;T5;0.05555555555555555;0.0;0.21428571428571427;0.03524273870570997;G
Subject27;T6;0.05555555555555555;0.0;0.21428571428571427;0.03700754816270915;G
Subject27;P3;0.05555555555555555;0.0;0.2535211267605634;0.02491166341033343;G
Subject27;P4;0.16666666666666666;0.21568627450980393;0.26865671641791045;0.09239977596719366;G
Subject27;O1;0.05555555555555555;0.0;0.20930232558139536;0.029332779605499865;G
Subject27;O2;0.1111111111111111;0.11111111111111112;0.2608695652173913;0.056034005949546925;G
Subject27;Fz;0.1111111111111111;0.29411764705882354;0.28125;0.036177171089203826;G
Subject27;Cz;0.16666666666666666;0.6209150326797386;0.375;0.058292613877296895;G
Subject27;Pz;0.2222222222222222;0.542483660130719;0.3333333333333333;0.09958842353553994;G
Subject28;Fp1;0.05555555555555555;0.0;0.25;0.036203220498096336;G
Subject28;Fp2;0.05555555555555555;0.0;0.2535211267605634;0.04534040795413316;G
Subject28;F3;0.2777777777777778;0.48366013071895425;0.32727272727272727;0.13874681403392605;G
Subject28;F4;0.05555555555555555;0.0;0.20689655172413793;0.031474235950345125;G
Subject28;F7;0.05555555555555555;0.0;0.25;0.03683444752056751;G
Subject28;F8;0.05555555555555555;0.0;0.25;0.03995265547675886;G
Subject28;T3;0.05555555555555555;0.0;0.23076923076923078;0.03845527000707774;G
Subject28;T4;0.1111111111111111;0.11111111111111112;0.2608695652173913;0.06013077828872866;G
Subject28;C3;0.1111111111111111;0.47058823529411764;0.375;0.03801506486587318;G
Subject28;C4;0.16666666666666666;0.30718954248366015;0.3333333333333333;0.08002671197770557;G
Subject28;T5;0.05555555555555555;0.0;0.23076923076923078;0.03205133901270876;G
Subject28;T6;0.05555555555555555;0.0;0.20930232558139536;0.03598057696422646;G
Subject28;P3;0.16666666666666666;0.21568627450980393;0.29508196721311475;0.07902390805033585;G
Subject28;P4;0.05555555555555555;0.0;0.27692307692307694;0.02399928924868582;G
Subject28;O1;0.1111111111111111;0.11111111111111112;0.2857142857142857;0.0648987825682176;G
Subject28;O2;0.05555555555555555;0.0;0.225;0.03985504292843578;G
Subject28;Fz;0.1111111111111111;0.11111111111111112;0.2571428571428571;0.04771257733185502;G
Subject28;Cz;0.16666666666666666;0.6862745098039216;0.4186046511627907;0.04998042166794382;G
Subject28;Pz;0.2222222222222222;0.542483660130719;0.375;0.08131845565437831;G
Subject29;Fp1;0.05555555555555555;0.0;0.2535211267605634;0.03407592440793984;G
Subject29;Fp2;0.05555555555555555;0.0;0.21428571428571427;0.032207266327570566;G
Subject29;F3;0.1111111111111111;0.11111111111111112;0.2608695652173913;0.05737538555557438;G
Subject29;F4;0.16666666666666666;0.21568627450980393;0.26865671641791045;0.08046782431373604;G
Subject29;F7;0.05555555555555555;0.0;0.20930232558139536;0.038063096341400086;G
Subject29;F8;0.05555555555555555;0.0;0.21428571428571427;0.03782850099903831;G
Subject29;T3;0.05555555555555555;0.0;0.2222222222222222;0.03895262466404846;G
Subject29;T4;0.05555555555555555;0.0;0.26865671641791045;0.029575654906821073;G
Subject29;C3;0.1111111111111111;0.11111111111111112;0.28125;0.058759161909896204;G
Subject29;C4;0.16666666666666666;0.5686274509803921;0.36;0.07434704037680381;G
Subject29;T5;0.05555555555555555;0.0;0.2222222222222222;0.037391940476774785;G
Subject29;T6;0.05555555555555555;0.0;0.1651376146788991;0.03553628872727065;G
Subject29;P3;0.16666666666666666;0.38562091503267976;0.28125;0.07721605224200179;G
Subject29;P4;0.05555555555555555;0.0;0.25;0.027203584236493775;G
Subject29;O1;0.1111111111111111;0.20915032679738563;0.23376623376623376;0.051751321246051404;G
Subject29;O2;0.1111111111111111;0.11111111111111112;0.1956521739130435;0.0602138888017055;G
Subject29;Fz;0.2222222222222222;0.542483660130719;0.3333333333333333;0.09202396260996777;G
Subject29;Cz;0.16666666666666666;0.6209150326797386;0.3673469387755102;0.061412901774376166;G
Subject29;Pz;0.16666666666666666;0.5032679738562091;0.32727272727272727;0.07559758008252905;G
Subject30;Fp1;0.1111111111111111;0.11111111111111112;0.25;0.049188307072167106;B
Subject30;Fp2;0.1111111111111111;0.11111111111111112;0.20454545454545456;0.06142517288156853;B
Subject30;F3;0.16666666666666666;0.6013071895424836;0.3157894736842105;0.06908788743720566;B
Subject30;F4;0.16666666666666666;0.39215686274509803;0.2465753424657534;0.07737566689559053;B
Subject30;F7;0.05555555555555555;0.0;0.20224719101123595;0.027152259942480182;B
Subject30;F8;0.05555555555555555;0.0;0.17142857142857143;0.03681264635034239;B
Subject30;T3;0.05555555555555555;0.0;0.1875;0.03670810848570555;B
Subject30;T4;0.1111111111111111;0.11111111111111112;0.20454545454545456;0.059606779576792404;B
Subject30;C3;0.1111111111111111;0.5032679738562091;0.3050847457627119;0.05223155050928735;B
Subject30;C4;0.05555555555555555;0.0;0.2465753424657534;0.03444086198016606;B
Subject30;T5;0.1111111111111111;0.11111111111111112;0.22784810126582278;0.0631774682776851;B
Subject30;T6;0.05555555555555555;0.0;0.17142857142857143;0.03299595659114023;B
Subject30;P3;0.16666666666666666;0.5228758169934641;0.28125;0.07899276965971319;B
Subject30;P4;0.1111111111111111;0.11111111111111112;0.2;0.053083820897033465;B
Subject30;O1;0.05555555555555555;0.0;0.1956521739130435;0.033460848009798295;B
Subject30;O2;0.05555555555555555;0.0;0.16822429906542055;0.032366778840386266;B
Subject30;Fz;0.1111111111111111;0.42483660130718953;0.28125;0.040886815808456684;B
Subject30;Cz;0.16666666666666666;0.5816993464052288;0.32142857142857145;0.08450993145364263;B
Subject30;Pz;0.16666666666666666;0.30718954248366015;0.24;0.07649636933083814;B
Subject31;Fp1;0.05555555555555555;0.0;0.26865671641791045;0.03837141055671971;G
Subject31;Fp2;0.05555555555555555;0.0;0.1978021978021978;0.028824789678658005;G
Subject31;F3;0.2222222222222222;0.5294117647058824;0.36;0.09018053537500613;G
Subject31;F4;0.16666666666666666;0.21568627450980393;0.24324324324324326;0.0864795767837271;G
Subject31;F7;0.05555555555555555;0.0;0.26865671641791045;0.019945616384827877;G
Subject31;F8;0.05555555555555555;0.0;0.1978021978021978;0.03269805724796844;G
Subject31;T3;0.2222222222222222;0.6274509803921569;0.4;0.10015304343473883;G
Subject31;T4;0.1111111111111111;0.11111111111111112;0.29508196721311475;0.0634912516662249;G
Subject31;C3;0.2222222222222222;0.6535947712418301;0.391304347826087;0.08878004456369773;G
Subject31;C4;0.05555555555555555;0.0;0.23076923076923078;0.03629877728986927;G
Subject31;T5;0.05555555555555555;0.0;0.2903225806451613;0.03530652183303022;G
Subject31;T6;0.05555555555555555;0.0;0.23076923076923078;0.036336787565777455;G
Subject31;P3;0.1111111111111111;0.29411764705882354;0.3157894736842105;0.05450632045181271;G
Subject31;P4;0.1111111111111111;0.20915032679738563;0.2571428571428571;0.06241368901633902;G
Subject31;O1;0.05555555555555555;0.0;0.17647058823529413;0.027798582886568522;G
Subject31;O2;0.1111111111111111;0.11111111111111112;0.21176470588235294;0.057742117330599516;G
Subject31;Fz;0.1111111111111111;0.29411764705882354;0.29508196721311475;0.05178485299716942;G
Subject31;Cz;0.1111111111111111;0.11111111111111112;0.29508196721311475;0.05461998640640252;G
Subject31;Pz;0.05555555555555555;0.0;0.2903225806451613;0.03426803853086238;G
Subject32;Fp1;0.05555555555555555;0.0;0.18;0.035708787550659205;G
Subject32;Fp2;0.1111111111111111;0.11111111111111112;0.21686746987951808;0.06680177656060644;G
Subject32;F3;0.05555555555555555;0.0;0.24324324324324326;0.02084502459627374;G
Subject32;F4;0.16666666666666666;0.30718954248366015;0.2647058823529412;0.084013496548113;G
Subject32;F7;0.05555555555555555;0.0;0.2222222222222222;0.03549010937582879;G
Subject32;F8;0.05555555555555555;0.0;0.21176470588235294;0.03903122872640857;G
Subject32;T3;0.1111111111111111;0.11111111111111112;0.28125;0.06085034102515802;G
Subject32;T4;0.05555555555555555;0.0;0.21951219512195122;0.03852749162031531;G
Subject32;C3;0.16666666666666666;0.6209150326797386;0.3673469387755102;0.07426351262446387;G
Subject32;C4;0.1111111111111111;0.11111111111111112;0.27692307692307694;0.05275953717794328;G
Subject32;T5;0.05555555555555555;0.0;0.2535211267605634;0.033611223884091004;G
Subject32;T6;0.05555555555555555;0.0;0.16363636363636364;0.04253936888359283;G
Subject32;P3;0.2222222222222222;0.5294117647058824;0.3333333333333333;0.10549196374310617;G
Subject32;P4;0.1111111111111111;0.20915032679738563;0.23076923076923078;0.04831648533855158;G
Subject32;O1;0.05555555555555555;0.0;0.2535211267605634;0.028548401288339863;G
Subject32;O2;0.1111111111111111;0.11111111111111112;0.1935483870967742;0.06671756877155736;G
Subject32;Fz;0.16666666666666666;0.45098039215686275;0.3157894736842105;0.06022411284781112;G
Subject32;Cz;0.16666666666666666;0.6013071895424836;0.36;0.06156959453910804;G
Subject32;Pz;0.1111111111111111;0.29411764705882354;0.27692307692307694;0.044689974898071666;G
Subject33;Fp1;0.1111111111111111;0.11111111111111112;0.21176470588235294;0.0666709415208493;G
Subject33;Fp2;0.05555555555555555;0.0;0.20689655172413793;0.03646668563963203;G
Subject33;F3;0.1111111111111111;0.20915032679738563;0.2571428571428571;0.04727157738082735;G
Subject33;F4;0.16666666666666666;0.21568627450980393;0.2571428571428571;0.0898423891521342;G
Subject33;F7;0.05555555555555555;0.0;0.17647058823529413;0.03918995595281083;G
Subject33;F8;0.05555555555555555;0.0;0.20689655172413793;0.038057921316210504;G
Subject33;T3;0.1111111111111111;0.11111111111111112;0.2647058823529412;0.05808255286445854;G
Subject33;T4;0.05555555555555555;0.0;0.21428571428571427;0.03502535060478426;G
Subject33;C3;0.16666666666666666;0.6013071895424836;0.33962264150943394;0.0725989439604814;G
Subject33;C4;0.1111111111111111;0.11111111111111112;0.26865671641791045;0.055569829783841604;G
Subject33;T5;0.05555555555555555;0.0;0.21176470588235294;0.03260133979529281;G
Subject33;T6;0.05555555555555555;0.0;0.18556701030927836;0.036354385736628095;G
Subject33;P3;0.1111111111111111;0.42483660130718953;0.3;0.050292057991815936;G
Subject33;P4;0.16666666666666666;0.30718954248366015;0.225;0.08227123344169433;G
Subject33;O1;0.05555555555555555;0.0;0.16071428571428573;0.03290160832197267;G
Subject33;O2;0.1111111111111111;0.11111111111111112;0.18947368421052632;0.05886697608895319;G
Subject33;Fz;0.16666666666666666;0.5294117647058824;0.3157894736842105;0.060559841112418494;G
Subject33;Cz;0.16666666666666666;0.6209150326797386;0.34615384615384615;0.06298582813437971;G
Subject33;Pz;0.1111111111111111;0.36601307189542487;0.2608695652173913;0.04439058120081446;G
Subject34;Fp1;0.05555555555555555;0.0;0.16822429906542055;0.03672190982386288;G
Subject34;Fp2;0.05555555555555555;0.0;0.1651376146788991;0.03735410415288409;G
Subject34;F3;0.1111111111111111;0.20915032679738563;0.24;0.0549346384665345;G
Subject34;F4;0.16666666666666666;0.38562091503267976;0.2903225806451613;0.0703591183547809;G
Subject34;F7;0.1111111111111111;0.11111111111111112;0.2;0.06619653237617802;G
Subject34;F8;0.1111111111111111;0.11111111111111112;0.1956521739130435;0.07073203651519643;G
Subject34;T3;0.1111111111111111;0.11111111111111112;0.2608695652173913;0.05618957694487606;G
Subject34;T4;0.1111111111111111;0.20915032679738563;0.23376623376623376;0.05767116433820002;G
Subject34;C3;0.16666666666666666;0.6013071895424836;0.3333333333333333;0.06897948824369568;G
Subject34;C4;0.1111111111111111;0.29411764705882354;0.28125;0.04518414882919229;G
Subject34;T5;0.05555555555555555;0.0;0.20930232558139536;0.03365207664751614;G
Subject34;T6;0.05555555555555555;0.0;0.1836734693877551;0.03925643240689916;G
Subject34;P3;0.1111111111111111;0.42483660130718953;0.29508196721311475;0.04821728063945614;G
Subject34;P4;0.16666666666666666;0.30718954248366015;0.2222222222222222;0.08593279631640843;G
Subject34;O1;0.05555555555555555;0.0;0.1592920353982301;0.032795985732406635;G
Subject34;O2;0.1111111111111111;0.11111111111111112;0.1875;0.05857287497739455;G
Subject34;Fz;0.05555555555555555;0.0;0.22784810126582278;0.026039390427732505;G
Subject34;Cz;0.16666666666666666;0.6601307189542484;0.33962264150943394;0.06628059931276072;G
Subject34;Pz;0.1111111111111111;0.36601307189542487;0.2571428571428571;0.044929845494024775;G
Subject35;Fp1;0.05555555555555555;0.0;0.1956521739130435;0.04137633321968387;G
Subject35;Fp2;0.05555555555555555;0.0;0.1956521739130435;0.026562401231858587;G
Subject35;F3;0.1111111111111111;0.11111111111111112;0.2;0.05724075678162589;G
Subject35;F4;0.16666666666666666;0.5032679738562091;0.2727272727272727;0.07339915994648394;G
Subject35;F7;0.05555555555555555;0.0;0.16822429906542055;0.04290642434190736;G
Subject35;F8;0.05555555555555555;0.0;0.21686746987951808;0.03432879219492391;G
Subject35;T3;0.05555555555555555;0.0;0.23076923076923078;0.036578379870987277;G
Subject35;T4;0.05555555555555555;0.0;0.23076923076923078;0.03571199172286171;G
Subject35;C3;0.16666666666666666;0.5686274509803921;0.29508196721311475;0.07859494404285704;G
Subject35;C4;0.16666666666666666;0.5686274509803921;0.29508196721311475;0.0737585226546555;G
Subject35;T5;0.05555555555555555;0.0;0.21686746987951808;0.03474164903086524;G
Subject35;T6;0.05555555555555555;0.0;0.15517241379310345;0.04323563357204592;G
Subject35;P3;0.16666666666666666;0.5032679738562091;0.2727272727272727;0.07773770810614301;G
Subject35;P4;0.16666666666666666;0.21568627450980393;0.18181818181818182;0.08696536142082034;G
Subject35;O1;0.1111111111111111;0.36601307189542487;0.24;0.04784534304623082;G
Subject35;O2;0.1111111111111111;0.29411764705882354;0.20930232558139536;0.04660602943551247;G
Subject35;Fz;0.2222222222222222;0.39869281045751637;0.24;0.09445360103005589;G
Subject35;Cz;0.1111111111111111;0.5294117647058824;0.3;0.04015752603314224;G
Subject35;Pz;0.05555555555555555;0.0;0.15517241379310345;0.027799442317338656;G
